Attribute,Mean,Std
reviewsScore,2.5868945868945867,1.6878555414656606
hitCounter,14580.507122507122,1872.7841045064386
