Attribute,Mean,Std
reviewsScore,2.4783333333333335,1.6765685269616086
trendingPost,0,0
