Attribute,Mean,Std
postsScore,455.7511114995517,158.8997186743959
ageAccount,521.7272727272727,279.00254153290103
salesHistory,562,314.33803460605907
creditLevel,1.8181818181818181,2.1825756260978366
usedTokens,18.181818181818183,18.877596148970778
