Attribute,Mean,Std
postScore,612.1666666666666,176.25143025424407
ageAccount,23.5,22.061278294786092
salesHistory,24.333333333333332,20.781401941800432
usedTokens,13,9.838699100999074
